reviewId,userName,content,score,thumbsUpCount,reviewCreatedVersion,at,appVersion
263c0d27-24a6-481d-9f23-2ea4d89e532b,Dean C.,"FEES to high, Delays, Lost Orders! Always check Ebay & other sellers, Amazon pays to get top ""sponsors"", rigged like Google. ""Arriving by 10pm"" means it's gonna be a day late! CANCEL PRIME it's always late.",1,1,28.18.0.100,2024-09-28 14:36:22,28.18.0.100
fc16bd52-c28e-4c47-b16a-fac251a18375,Sharon English,I cannot find certain items in the food store so I checked out Amazon and they have it.,5,0,28.18.0.100,2024-09-28 14:28:49,28.18.0.100
4ba0a298-f507-490f-8084-ba612f4ec7bf,Catherine Naigembe,Good,5,0,28.18.0.100,2024-09-28 14:28:10,28.18.0.100
a76ae720-b923-42ab-8bb7-62ac373674e3,Elicia Jones,I want to try it,5,0,18.4.0.100,2024-09-28 14:25:52,18.4.0.100
2fbfc0c1-c2d1-4300-a143-a7be20770e01,Kevin,"I've never seen so many pictures of dogs. They broke this app with the latest update. I get the ""uh oh something went wrong on our end"" error with the dog in the background all the time. The app also randomly quits and crashes to my home screen. It freezes when scrolling pictures in reviews. The AI customer service is a useless waste of time. If they could fix these bugs and add a feature to browse in dark mode then this would be a good app",1,5,28.18.0.100,2024-09-28 14:20:35,28.18.0.100
cafa18fc-2120-412d-85e7-ad597f7ee159,Ayush Neupane,Doesn't even let me log in. It asks me to put in OTP from email and then also from my mobile number but it doesn't even send the SMS. It has the correct number.,1,0,28.18.0.100,2024-09-28 14:17:14,28.18.0.100
f52cb8b0-6741-4f32-a65c-8c431429ecd2,Rin V,"Latest update ruins the entire experience. Too cluttered, too bright, took something good and ruined it.",1,0,28.18.0.100,2024-09-28 14:10:26,28.18.0.100
446e6427-1060-437a-bdce-01baaeb5576e,Jessica Talanca,"I've been using the Amazon ap for at least 10 years and have never had any problems with the ap. Any issues I've had (VERY FEW) with any purchases have been dealt with quickly and with acceptable results. My only complaint is that trying to find a customer service # is nearly impossible. The only way I've found to contact them is thru live chat, which always starts with an automated system. Eventually, you can get a real person, but it's frustrating when you're already upset with an issue.",5,0,28.18.0.100,2024-09-28 14:07:31,28.18.0.100
308aa56e-a32d-40ee-938d-e6173470ee4c,Isaiah claybon,this is truly my favorite spot to shop..,5,0,28.18.0.100,2024-09-28 14:01:04,28.18.0.100
6a9a80f7-827d-41b6-852b-51186695fbd1,Clive Aitken,"convenient, good prices, vast expanse of products.",5,0,28.18.0.100,2024-09-28 13:57:30,28.18.0.100
acaf5145-351c-450b-b1f4-28febf3c5bcf,sabir tourabi (Tourabi),"Worst experience ever, zero time respect now communication.",1,0,28.18.0.100,2024-09-28 13:37:03,28.18.0.100
db1b1d50-4479-42b7-bef3-6c972e53281a,Z Callum james Rutherford,Great,5,0,,2024-09-28 13:29:22,
c1b7d994-1b60-4425-ac73-195269bf60d4,James Moriel,Failing. I pay 12 bucks a month for prime. Prime guarantees ship dates. Amazon fails to keep these shipping timeliness. I give them my business when I could walk down the street to Walmart for something faster and they keep failing. Not worth the service. Take a trip down the street guys. They are going down.,1,0,28.18.0.100,2024-09-28 13:19:12,28.18.0.100
add12f9d-3ff3-46cb-8ea0-8c9065cc5c53,J L,"Every single time I try using the app this morning (9/28/24), it crashes.",1,0,28.18.0.100,2024-09-28 13:15:33,28.18.0.100
e01d89de-975d-4ff5-b4f7-0583155b75f7,Nicole Reed,fast delivery wide variety,5,0,28.18.0.100,2024-09-28 13:15:16,28.18.0.100
f70004ef-1fe2-4a81-9462-23adf520c607,Purple Kaleido,"giftcards are useless, go back to how they used to be.",1,0,,2024-09-28 13:10:16,
cfb3e02d-1bde-4f52-9a31-c40f1439e846,s1ng8888,Last update has made user unfriendly. Lots of screen freeze. Crashes. Rufus? Please provide an option to turn this off permanently.,2,0,28.18.0.100,2024-09-28 13:07:45,28.18.0.100
27e5ec22-a4ef-47ad-9133-65dae4c98482,Patricia Hyland,Great has amazing shopping on amazon can't flaut it,4,0,28.18.0.100,2024-09-28 13:03:36,28.18.0.100
6abe9e91-a236-4bfb-b294-a336f04cc636,Dora Nurse,I love amazon,5,0,28.18.0.100,2024-09-28 12:58:26,28.18.0.100
1bc75444-5f43-4918-b80b-b1da783ff2b8,Thelma Jones-Seyfer,I like shopping here at makes it easy,5,0,28.18.0.100,2024-09-28 12:49:18,28.18.0.100
7d23580c-1927-4531-8e94-25d5b702742d,Dan â€œBarbaryâ€,ğŸ‘ğŸ‘ğŸ‘ğŸ‘,4,0,28.18.0.100,2024-09-28 12:33:22,28.18.0.100
f431b191-66ee-4acb-a974-5b8272822b14,SAMMILIA LINDA KORKOR COFIE-BRUCE,Epic and efficient!,5,0,28.18.0.100,2024-09-28 12:32:39,28.18.0.100
4b42d868-88f5-4ed3-9d6a-80c89cddec9f,Reiniere â€œRein.â€ Maghirang,"I'm going to be honest after they get the money from us and as a client or customer I'm being honest I received it what I have ordered but on the apps on your account it's not being updated from the staff to the IT they're not following what they need to follow and updated thanks you know, It's the delivery driver who messed up the name of this company and the third party delivery especially with this stupid virus that we got most of them They don't care about the client who ordered things.",1,11,28.18.0.100,2024-09-28 12:31:40,28.18.0.100
f49034a2-80f7-416f-91b3-7a455b2387aa,Peter McCann,"I used to love Amazon but lately the quality of EVERY purchase has been beyond poor. Even good brands the items they send just don't work, break easily, come with broken parts etc. Going to be canceling my prime membership after almost a decade because it isn't worth it anymore.",2,0,28.18.0.100,2024-09-28 12:31:33,28.18.0.100
45b94a1e-d005-4eba-8c4e-2f9247f396aa,hurshida hassan,all items good quality and fast delivery ğŸ‘Œ ğŸ‘,5,0,28.18.0.100,2024-09-28 12:28:09,28.18.0.100
576ef825-6612-4311-80eb-6a5dbaa1d40b,Dwayne Keith Mobley,I shop Amazon very often: as a disabled person it helps. The selections are great and customer service is even better. Keep up the Good Work.,4,0,28.18.0.100,2024-09-28 12:24:50,28.18.0.100
b97224dd-86e6-4ee3-861b-b725a6742413,Mohan Bingi,Nice thank you amazon,5,0,28.18.0.100,2024-09-28 11:58:23,28.18.0.100
f0739965-9817-4325-a48c-34fd6956aa0e,Albert Rhodes,"Easy, reliable, and great customer service ğŸ‘ ğŸ‘Œ ğŸ‘",5,0,28.18.0.100,2024-09-28 11:37:55,28.18.0.100
61ff4923-e876-44e9-9da3-bc895e5e1f28,SHAHAL SHAN,good ğŸ‘,5,0,28.18.0.100,2024-09-28 11:16:32,28.18.0.100
b955fb5a-d164-4640-85ce-cec5e80e7f3b,Joseph Martinez,I don't really know when I started a free trial for amazon prime but I never set up an automatic payment for next month but they still took my money out my cash app now I'm 16 dollar down.,1,0,28.16.0.100,2024-09-28 11:14:31,28.16.0.100
6b0edc41-3cdb-4c1e-b912-b108e25914e9,Allo Bhuiyan,ğŸ‘ğŸ‘‹,5,0,,2024-09-28 11:00:56,
25c79c05-c113-4bf8-bf4b-bfffdb59424c,Phark,It's 2024 and one of the biggest companys in the world doesn't have dark mode on their app...,1,0,28.18.0.100,2024-09-28 10:57:36,28.18.0.100
2f77dd13-8822-43ab-9709-b8cb2ff708cb,Sana Azimi,When I tried to buy my son a apple watch it wasn't working so if you can please fix that will be the best.,1,0,28.18.0.100,2024-09-28 10:47:14,28.18.0.100
d8884935-27c1-46fc-8bec-4881ecd32d71,Ajita singh,awsame injoy,5,0,,2024-09-28 10:40:43,
6121a16d-48bf-4368-8ff6-491fc0e5b276,Luis angulo,Not yet excellent or marvallise.,4,0,26.22.0.100,2024-09-28 10:26:23,26.22.0.100
94bcc50e-736e-44b8-9cf5-7f6bbed3a351,Daniel Houghton,App is slow and unusable since update,2,0,28.18.0.100,2024-09-28 10:23:16,28.18.0.100
42b0c0e5-58e4-43a6-ab6a-61cfd0b6596a,Zoe Nagorski,"Awful. Since the latest update on 10th September I no longer get push notifications about my orders. I've spoken to Cs TWICE and been told they would look into it and get back to me within 48hrs. It's now been 18 days and I haven't heard anything back. I've uninstalled, reinstalled, cleared the cache, registered my device. But nothing. It's pretty defunct since the update and I dislike the new orange layout. Give us our old amazon app back!",1,0,28.18.0.100,2024-09-28 10:12:59,28.18.0.100
4028425f-83f4-4beb-8a5c-87d0e75bec00,Righteous Rebel,"This app's interface is one of the worst out there hands down, there's a wide variety of items no doubt but browsing through is a nightmare how laggy&slow everything is, not to mention the simplicity & superiority of payments in other apps where there's litterally price adjustments up to 30 days from buying date where in seconds if i paid in paypal i get back the difference of adjusted price! Which (unless you contact the seller) is a feature one could only dream amazon will implement ! Git Gud!",3,1,28.18.0.100,2024-09-28 10:11:59,28.18.0.100
1bc99737-6ed2-45f3-82a2-546ab5927abd,Tosif Mohammed,"Very worst, they don't deliver goods and self cancels order",1,0,28.17.0.100,2024-09-28 10:02:33,28.17.0.100
f682cc69-f524-43fe-974e-06053c4db416,M Bilal,Amazon is a fraud platform  Received return item but not send refund.,1,0,28.18.0.100,2024-09-28 09:58:32,28.18.0.100
7d1387d3-d3c6-4140-8e0e-84a0053b7cc5,Tim P,"I used to like this App but now they've added a stupid, useless LLM (Rufus) with no obvious way to disable it.",1,2,28.18.0.100,2024-09-28 09:43:21,28.18.0.100
6db21743-32dc-4c60-875a-7a72c981dbd8,David Christian Thomas,"Good for our new building material, cardboard boxes ğŸğŸ˜ğŸğŸ˜ and the other ones are in the box â˜‘ï¸â˜‘ï¸ğŸâ˜‘ï¸ and the other two and the other is BARNES AND NOBLE. B & N could sell everything under the sun too, also, as well and would likely be willing to invest in our infrastructure or something else but we can get the money to get the money to get to see ğŸ™ˆğŸ™ˆğŸ™ˆğŸ™ˆ I call a a spade a spade if Amazon cared about the environment and adhere but all the good work they're doing in the Amazon rainforest",2,0,28.18.0.100,2024-09-28 09:31:06,28.18.0.100
c43de65c-ce46-44f7-b011-a06e1dbc169b,Demarcus Porter,When will I get my wig on,5,1,24.17.0.100,2024-09-28 09:19:34,24.17.0.100
8fbbec24-8ff8-4d9c-a800-59f4e7f0422a,Ujwal Mulagundla,Service is pathetic. I ordered water purifier with exchange.they didn't attempt the delivery yet they said I rejected the product. When I call to CC .they gave delivery boy num.he never pick up the call.this thing happened in the month of Aug. In great Indian festival I ordered laptop with exchange.now also they did the same . delivery agent boy not attending the call. Called to CC they said we will look after this. If you don't want deliver with exchange products then y did U put exchange.,1,0,28.18.0.100,2024-09-28 08:36:03,28.18.0.100
05256ee3-a3dd-4352-97f8-7a255902b531,Nathan Bradley,Stop using BNI! Always late!,1,0,28.18.0.100,2024-09-28 08:21:24,28.18.0.100
e08a02ba-7030-4cb8-812e-0cc622895ef4,Andrea M,love it,5,0,28.17.0.100,2024-09-28 06:46:36,28.17.0.100
f94e7f3f-250b-403c-bae4-18b3794cc5ab,Rajeevan A,The best experience in online shopping so far. thank you Amazon.,5,0,,2024-09-28 06:45:19,
5da8f19e-7196-40ee-b3bf-df4dff626526,Jessica Nicole,Always a pleasure ğŸ˜Œ me & Amazon go way back to the garage day ğŸ†ğŸ’ªğŸ¾ğŸ¤ŒğŸ¾ long live prime ğŸ˜,5,0,,2024-09-28 06:32:32,
7cf6176d-f4a2-48fe-a47c-ffe24c6c8ab0,Donald Chau,I would like to see an option for dark mode.,3,3,28.18.0.100,2024-09-28 06:01:24,28.18.0.100
a0a3e75c-444b-4853-8b99-3dfc5cf8e060,Angelo Michael,To hard to sign 2 start account with Amazon,3,0,,2024-09-28 05:52:37,
3ba97e56-e533-4991-85cb-a716e74db0e5,Dale Dawg,New update sticks it unresponive,1,0,28.18.0.100,2024-09-28 05:51:37,28.18.0.100
ade6d550-1fcb-46e0-8183-c4ff59b9eab1,Svshe Evejs,Opppppp This is a buck,5,0,,2024-09-28 05:50:56,
c3585757-d1e0-43a1-9165-0b86fdce2c6e,H S,"2024 and somehow still no dark mode, this stupid app is making me blind!",1,0,28.18.0.100,2024-09-28 05:47:58,28.18.0.100
9724eacd-6cd1-45b5-a615-f58b2f8d3e71,Earl Smith,Theft,2,0,26.23.4.100,2024-09-28 05:33:04,26.23.4.100
bf8d9e32-e280-4146-8567-8a9fa6724edc,Norman Gowie,Great vendors. Products are always of the finest quality and arriving in perfect condition. I'll be back for more.,5,0,28.18.0.100,2024-09-28 05:23:36,28.18.0.100
a77fc722-c96d-48fc-bcaa-93eee7285df8,Pavel,"My account was blocked. For what reason they did not tell me. The support is just very weak, it is a pity that I can not buy goods there anymore. No one helped me to disassemble my account. The support is terrible.",1,0,,2024-09-28 05:16:50,
8b8aaa16-d57a-4c1b-a388-2c7edf1c4167,john fuentes,excellent,5,0,28.18.0.100,2024-09-28 04:36:35,28.18.0.100
e5dcca6f-1a41-42cc-a6c9-d7f30e8e193f,Assad Rifat,Not available in Bangladesh.ğŸ¤•,1,0,28.18.0.100,2024-09-28 04:20:07,28.18.0.100
f98d6719-9436-4308-8fd6-b438d644e02e,Deb Grifa,I'd like more privacy with the browsing. And an easier way to fix problems with returns or exchanges that doesnt take 3-4 people to go through. It is a great app to get things without leaving home.,4,0,28.18.0.100,2024-09-28 04:08:41,28.18.0.100
b6bb2bf6-531e-48bf-90c2-74728daaecf9,Patrick Reed,Number one application,5,0,26.23.4.100,2024-09-28 03:51:56,26.23.4.100
f7491917-e2c1-448b-9e11-4655113271d1,ForReal2012,love it!,5,0,28.18.0.100,2024-09-28 03:40:52,28.18.0.100
2b8c954d-e1d3-4018-8a9e-7aa82c42da75,Thuan Tran,Great app,5,1,28.18.0.100,2024-09-28 03:22:22,28.18.0.100
08c0d6c1-788e-419f-8c33-d7f87949d4d5,SHAMAR RILEY,GreatğŸ‘the bestğŸ™,5,0,16.10.0.100,2024-09-28 03:05:33,16.10.0.100
ab1317df-75c0-40f2-b6a9-4b423710a331,Maritta Rucker,Love Amazon! They have everything. Good prices. My favorite place to shop!,5,0,28.18.0.100,2024-09-28 02:37:33,28.18.0.100
b3cfed16-016b-4b08-b4e8-ee9924aba100,Jolene Martin,Sometimes it was ok,3,0,,2024-09-28 02:34:54,
7fedca0b-b2b7-41ef-8714-2bebd0c3bb65,Bipin Jaiswal,Bipinjaiswal Bipinjaiswal,3,0,24.8.0.100,2024-09-28 02:05:50,24.8.0.100
45740a8d-8ca2-4047-98eb-38d7c684147e,Matthew Wright,on time delivery,5,0,28.18.0.100,2024-09-28 01:55:17,28.18.0.100
6283cccf-f83d-4f0c-96cc-c6c62abfe36c,almario cortez,Good,5,0,,2024-09-28 01:03:33,
a86bb0da-e596-453f-9ed7-8d5d76578252,Marilyn Miller,Cannot connect to Amazom.,4,0,28.10.0.100,2024-09-28 00:37:38,28.10.0.100
dfa6d030-c8d0-4a53-8d14-cdcab69c8696,shnukumsbaby,love smazon,5,0,28.18.0.100,2024-09-28 00:33:31,28.18.0.100
aad5a87b-7499-4b15-8cb6-bc8dcc331b1e,Chito Dominguez,Amazon has a huge selection of whatever it is that I'm looking for...and the prices are phenomenal ğŸ‘Œ..big ups to all of the people who make it happen ğŸ˜€ ( and all the robots ğŸ¤– to)...,5,0,24.9.0.100,2024-09-28 00:26:49,24.9.0.100
9419b406-5a33-4b6a-87a1-633148290044,Kern Star,Needs dark mode!!!!!!!!!,1,11,28.18.0.100,2024-09-28 00:04:17,28.18.0.100
4d7fbfc7-3f0b-43ac-aef8-948435a324f2,Pat Schamper,Amazon not a game Amazon that you can buy stuff on it,5,0,,2024-09-27 14:54:20,
4331de2c-d8e0-4d4a-8746-ff249d6a9a15,Robert Barber,me i have to wait?,1,0,,2024-09-27 14:16:00,
3daddc15-cc72-4e46-b5be-a7ece33708e1,Menna Amgad,"Very bad experience, bad and used products not as described",1,0,28.18.0.100,2024-09-27 14:15:08,28.18.0.100
86855482-3ac1-4d11-80f3-470954aabf55,wild one,"It's not to bad , sometimes u get good deals. Fast delivery, all round satified",5,0,28.14.2.100,2024-09-27 14:11:15,28.14.2.100
8551d4c5-e9e2-4692-b224-7840b368b538,Mohamed umsultan,"Amazon UAE Your products are no longer subject to supervision. Merchants are exploiting your lack of supervision of the products. You have become untrustworthy due to the poor quality of the products displayed, which do not match the description of the product from the seller on your page. Your mission has become limited to selling without quality.",1,3,28.18.0.100,2024-09-27 14:07:56,28.18.0.100
4e9dccf5-8a1e-437a-ace1-ab516afcbc8e,Bec,"Everything amazon sells now is cheap trash. Not to mention they are a very questionable company when it comes to ethics (to put it nicely). Canceling my prime and uninstalling the app. Congratulations Target, Kholes, etc. box stores are back in style.",1,0,28.18.0.100,2024-09-27 13:57:49,28.18.0.100
e710cbec-bc46-4cb9-86c8-1e96fa12438f,Aaron Lance,"Amazon is great and gets my packages shipped quickly with whatever I needed, best app",5,0,28.18.0.100,2024-09-27 13:34:04,28.18.0.100
0a06c017-e956-4c88-9782-a8a879a8cc02,Selim Ahmed,Ù…Ù‚Ø§Ø·Ø¹Ø©,1,0,,2024-09-27 13:27:52,
4821eae1-17d8-4991-9a56-cce49cdc3dc6,Bal Singh,"You would think that a multi Billion dollar company would spend some time and effort sourcing the right app developers. When scrolling through searched items there is seriously a lot of stutter and lag. At first I thought it could be my S24 Ultra. What the hell Amazon? Not good! Stop paying Clarkson stupid money for your TV ads and sort your app out. I just don't get how you cannot afford good app development. When viewing an image of a product & zooming in, there is terrible lag.",1,87,28.18.0.100,2024-09-27 13:21:57,28.18.0.100
915dff6f-4880-47cf-8b5f-38c47ea9749b,Sarah Brabec,"I have been shopping with Amazon for 15 years. and I still love it. Great prices, very few problems, delivered right to my door.",5,0,28.18.0.100,2024-09-27 13:17:49,28.18.0.100
24504548-18e0-4748-89ba-78e0c2904979,Betty Hill,love it. easy to do. Great return policy.,5,0,28.12.2.100,2024-09-27 13:17:43,28.12.2.100
eff32f3a-6b41-4367-9669-681950de6e05,Jamie Fitzgerald,Great!!!!!!,5,0,28.18.0.100,2024-09-27 12:47:16,28.18.0.100
0579f2ca-525b-4fd6-b4fa-757988084272,Ali Pascal,"very convenient, found great deals on hundreds of items",5,0,28.18.0.100,2024-09-27 12:34:10,28.18.0.100
3b654f03-5eec-461d-9391-e6831b024f16,Dharshan Raj,Stupid app cannot log in and it's if it's email or mobile number change cannot reset better AliExpress,1,0,,2024-09-27 12:24:05,
37bdff27-837b-48e6-9bcb-4309ace56e4b,Alan Price,"WAS WORTH BEING PRIME MEMBER BUT NOW WASTE OF MONEY, APP A JOKE PICKS WHAT ORDERS TO ACCEPT & WHICH NOT TO. PUT IN DETAILS BUT SAID WRONG SO PUT EXACTLY SAME SAVED CARD & FINE. MADE ORDER LAST NITE SAID FINE WENT THROUGH ONLY TO WAKE TO APP SAYING PAYMENT DECLINED BUT CALLED BANK NO PAYMENTS DECLINED SO APP GOING WRONG AGAIN. ASKED FOR REFUND OF PRIME MONEY THEY TOOK FROM SAME CARD ONLY TO BE LAUGHED AT & TOLD NO, SAID TAKE 1 MTHS OFF AS BEEN 3 WEEKS YET STILL REFUSED! APP NIGHTMARE!!!!??",1,0,,2024-09-27 12:06:15,
f3261344-ef8c-45c0-aa91-9e6a10ec0bf5,Bradley Tanner,Prime membership is a waste of money. Nothing is available or sold out most of the time and customer service is useless and never get back to you....... don't waste your time. I'll end my membership next year.,1,0,28.18.0.100,2024-09-27 11:26:38,28.18.0.100
3fd2ffad-53f6-4d39-8c03-47e4532355eb,Bryson Diefenderfer,I have ordered something off of here and they took the money out of my account but never shipped it I had to pay for another one besides that it's fine,3,0,28.18.0.100,2024-09-27 11:25:17,28.18.0.100
8130ec76-78c9-409a-bca9-aa5ba4d62f5a,Matt Goodstadt,"All of a sudden, pictures aren't loading when I do a search.",3,0,28.18.0.100,2024-09-27 11:20:35,28.18.0.100
cc4056da-7e2c-494e-afbe-da86ce822f7e,Michael Dal Col,Amazon has everything you need,5,0,28.15.0.100,2024-09-27 11:12:31,28.15.0.100
776a7f72-6ea1-4eb6-b064-0bd308b4a203,Richard Hannaford,ğŸ’“ğŸ˜€ğŸ‘ğŸ‘ğŸ‘,5,0,28.16.0.100,2024-09-27 11:01:22,28.16.0.100
cde4ccd3-72c8-474d-9c80-1913b983a4d3,Craig Wagner,"They have recently added a weird AI bot ""Rufus"" that pops up in your way whenever you look at anything and you can't disable it.",1,1,28.18.0.100,2024-09-27 10:35:12,28.18.0.100
c7581163-7ac0-4b3e-801f-e26108ecdbe6,Jake,"Amazon removes reviews, I reviewed an item with a rechargeable battery, and it constantly drained from a small light, Everytime you go to use it, the battery is dead. When I reviewed and said this, Amazon removes my review.",1,1,,2024-09-27 10:10:22,
a23d5f2a-b03f-4a1c-99ae-9edf922a1007,Veronica Zawodniak,Amazon has gone heartless. And fired 400 human beings. And replaced them with ROBOTS! I simply can't spend another penny there ever again. SCREW AMAZON!!!,1,1,,2024-09-27 10:09:18,
94d1356b-8f5d-4488-9c47-bacd3e53c3e6,John Parkin,Get rid of Rufus.,1,3,28.18.0.100,2024-09-27 09:16:37,28.18.0.100
d442d364-76cf-4a6f-b2dc-0a9bac164624,Lobna Soltan,slightly useful app,3,0,,2024-09-27 08:19:34,
43b255d3-b0e5-488f-a5a3-fae608ae49c2,Mohd. Hammad,good,5,0,28.18.0.100,2024-09-27 07:47:23,28.18.0.100
558fed5b-62ea-43f9-8704-a767f111d022,Add ie,Don't shop online.,1,0,28.18.0.100,2024-09-27 07:20:49,28.18.0.100
3e17bf1f-e5b2-4285-8929-a24e0725044f,Jennifer Phillips,I don't know about Amazon anymore nowadays,1,43,28.18.0.100,2024-09-27 06:35:40,28.18.0.100
f77fa24a-3e84-4875-84e4-f8c37999db45,D_S_G channel,I'm done with this app literally stole money from me after making a big order then locks me out... then says we canceled your order but yet didn't give me my money back screw this company I'm done with it...,1,0,24.19.0.100,2024-09-27 06:21:41,24.19.0.100
d45901af-7fb6-4fcc-b286-e76acef38825,Sameer Poudel,best app,5,0,28.18.0.100,2024-09-27 06:05:18,28.18.0.100
3531a384-e8ef-42ce-8675-a29933b77f8c,Osama Mahmoud,You are one of the dirtiest online shopping companies for supporting evil,1,0,28.17.0.100,2024-09-27 06:01:01,28.17.0.100
fcbd224b-05df-4e64-baf4-6353c1a7952b,Daniela Soares,ğŸ™ƒ,2,0,28.18.0.100,2024-09-27 05:49:47,28.18.0.100
3e57cea1-8a1c-486d-aff8-b9b403766332,Pete Balk,Works ğŸ‘,5,0,28.18.0.100,2024-09-27 05:10:00,28.18.0.100
f67c6e29-074d-497c-b347-0857aeaa9fec,Stefon Rich,"Don't subscribe for amazon prime is really not worth it they put ads in with their $16 subscription, still being taxed alot with shipping just not as much as you would without a subscription, and amazon music ain't worth having. All in all it's a rip off don't subscribe",1,1,28.18.0.100,2024-09-27 04:52:05,28.18.0.100
6e842650-d528-4ab1-93c2-413f7b9356de,Sean Daniel,"I hate the new UI, mainly due to the absurd amount of white space. At the very least give us an option to have a dark mode. This is a migraine inducing eyesore and a battery waster for any OLED device.",1,1,28.18.0.100,2024-09-27 04:30:30,28.18.0.100
527a8feb-89c1-4af0-b915-2f78b868b6e4,valery101,literally what can go wrong,5,0,22.13.0.100,2024-09-27 04:12:29,22.13.0.100
7308f444-22a5-43a2-9ac3-ec4bc4dbc1fa,Scott Mosley,Very pleasant,5,0,28.18.0.100,2024-09-27 03:45:13,28.18.0.100
1f1d6caf-e36d-4433-b909-ae6124839d70,Levi Estes,"i ordered a utility knife last week, it said it would be delivered the 24th, then said today( the 26th) by 9pm. i looked out for it all day. when it never came, i went and checked amazon, it was never even out for delivery today and is now saying it will be delivered tomorrow by 9pm. amazon delivery is rarely reliable.",1,1,28.18.0.100,2024-09-27 03:37:54,28.18.0.100
5be1ae21-bdcc-43e1-9c6e-7715f903c377,guna srin,Yg ga b,1,0,22.14.0.100,2024-09-27 03:35:34,22.14.0.100
7f77f3fc-f697-4fdf-b8b0-82befbb0f3ac,Cesar Saenz,I absolutely love it!!,5,0,28.18.0.100,2024-09-27 03:27:32,28.18.0.100
703e1b29-98ba-4aaf-9f65-d07ea7310c64,Dan Mcmahon,easy peazy,5,0,28.18.0.100,2024-09-27 02:57:48,28.18.0.100
8cbbc638-32bd-46e2-ac73-1964d6d9e287,Travis Boyd,Great products and even better prices,5,0,28.18.0.100,2024-09-27 02:40:07,28.18.0.100
707e2535-db68-44c7-9415-d8909788a504,K G,"Please get rid of Rufus on the app, its intrusive and extremely annoying.",1,1,28.18.0.100,2024-09-27 02:36:45,28.18.0.100
b9ee3889-541f-46ac-8664-4c296bc2d088,Christopher Gebhardt,"I don't even use Amazon Shopping and Google Play store won't let me get rid of it, I don't need it!",1,1,28.18.0.100,2024-09-27 02:33:45,28.18.0.100
ec688fba-de39-4387-bc9a-f9fa93302e97,Lamont Harvey,Can I sign in to my accoun,1,0,,2024-09-27 02:21:01,
0e03a663-fce2-483c-af33-7578972a5d1a,Dave Fowler,very happy thank you very much,5,0,28.18.0.100,2024-09-27 02:17:52,28.18.0.100
a59f8c4b-3c86-48c6-bbca-8dd9bf304138,Haile Hetzel,"I love this app, i mean it, but what irritates me is that sometimes the app randomly cancels orders for me that were supposed to arrive on the current day and i prepaid for everything and it tried to charge me again. FIX THIS. im getting irritated by this and it also irritates me how store products can be found in different locations except for here off the same store.",3,0,28.18.0.100,2024-09-27 02:17:38,28.18.0.100
08c1baca-fa56-4409-bc71-1d0d8d9eeca5,Jaz D,"Love it, but it's becoming more and more expensive. Other sites have become better.",4,0,28.18.0.100,2024-09-27 02:13:05,28.18.0.100
bbcc465d-decc-4281-938d-1e0dfe3043fb,Clifford Hutchinson,Fast shipping and excellent service!,5,0,28.17.0.100,2024-09-27 01:39:18,28.17.0.100
8062c71d-8bca-4415-bb7c-16b46398728a,stephen reed,Consistent.,5,0,28.18.0.100,2024-09-27 01:13:29,28.18.0.100
a09acc12-951c-4792-8a7e-4646fb589131,Peta Elliott,New update makes app completely non-functional,1,0,24.20.2.100,2024-09-27 00:52:08,24.20.2.100
b8caf5f9-9e43-40cb-ab77-e44c3a4873f5,Ù…ÙŠØ§/Mia x,"The amazon customer agent cancelled two separate orders when I contacted Amazon to complain about a seller not sending my item. I NEVER asked for any item to be cancelled. As a result the sellers cancelled my items and Amazon refused to fix the matter or provide compensation. They also did not do anything when I reported this rude customer service agent. I was a prime member, and now I am deleting my account as a result of this",1,1,28.18.0.100,2024-09-27 00:23:20,28.18.0.100
17b92d85-a15f-4aff-a4d7-cb7c773f1c28,Dale Shaft,Alert: is anyone else getting screwed by Amazon. They screwed me out of $129. Plus some cents in refund. Why they didn't deliver the order being just two houses away is a mystery. The deliveries are getting really stupid. The Amazon delivery truck was just less than a quarter mile away and I was next to be delivered to and all of a sudden it just disappeared. No delivery. What the hell.,2,3,28.18.0.100,2024-09-27 00:16:23,28.18.0.100
154f5d7e-9f7e-42af-877e-da8b6ce50a85,Zoila Valdes,Still don't know much,4,0,28.18.0.100,2024-09-27 00:15:43,28.18.0.100
9ea1ad70-f283-49d5-9e6d-9f80a124cd26,ArKaedian Parchezzi,very good at product brought,5,0,28.18.0.100,2024-09-27 00:06:01,28.18.0.100
fc8ee10f-a687-42da-abea-83fec0ddcdd4,Laura lee Carroll,Only need them once in a while,1,0,,2024-09-26 14:50:08,
5f6410e6-a915-46b5-a999-b1ed9a48c42c,Titan Black,Great,5,0,28.18.0.100,2024-09-26 14:09:00,28.18.0.100
4d9fe794-9820-4759-9028-4eeb5fe77722,Joyce Fowlerdye,Good!!,5,0,,2024-09-26 13:58:48,
89083902-e5dc-4063-9a8c-a9f9735b6f34,TheMadGoose,Wish I could pay without leaving my account security open for 24hrs,1,0,28.17.0.100,2024-09-26 13:03:03,28.17.0.100
5d8e8f25-6bbe-4486-a228-5e1605622538,A Google user,"UNUSABLE! THE HOME PAGE IS CLUTTERED, MESSY AND WORSE! The original home page was clear, uncluttered and easy to navigate. Bring it back.",1,231,28.18.0.100,2024-09-26 12:52:22,28.18.0.100
6db46c8d-09a6-46bf-8b95-5658dec99a6c,Don Allen,Before the last update everything was good I could use it very simply and yes the search bar is at the bottom sure I can live with that but I can't use my all of the easy don't work anymore shortcuts at very bottom looks nice but don't do a thing. Please fix thank you . Since the last update things are much better.,4,0,28.18.0.100,2024-09-26 12:43:00,28.18.0.100
965d1b44-9e0f-452a-9575-d4c6c97b0e10,Jahmaul Barr,It wasn't bad at all,4,0,,2024-09-26 12:16:35,
6b66abf2-27da-4f5c-98cc-51a8d32d7d89,Jake,"Seeing commercials for reducing boxes when not needed, an yet I get a small bottle of a spray delivered in a box 6x it's size! Kinda defeating ya own commercials!",2,0,,2024-09-26 12:14:06,
824ec264-8ed1-40b8-81f1-10fa5e98bf2c,M,"Search is really bad, Doesn't support any sort of boolean operators or specific phrases. Product quality has declined significantly, returns are decent to deal with all the fake products but its still a hassle going out of the way to visit returns on a regular basis.",2,0,28.18.0.100,2024-09-26 12:08:10,28.18.0.100
39d80070-2769-4482-bea8-683770a72ed7,Gamal Salama,Ø§Ù†ØªÙ‚Ø§Ø¦ÙŠØ© ÙÙŠ Ø§Ù„ØªØ¹Ø§Ù…Ù„,1,0,26.20.0.100,2024-09-26 11:58:47,26.20.0.100
ca57f306-488c-42f5-91c5-5e824fb24f59,Gage W,"Deleted account because amazon falsifies reviews and denies humans rights to leave reviews, if you like having rights and freedoms stay away from amazon",1,0,28.18.0.100,2024-09-26 11:36:04,28.18.0.100
38a6adbd-d681-4913-9e86-0d982353554c,Blaq Lhegazy,Amazon help to save money ğŸ’¸,3,0,,2024-09-26 11:34:05,
ecd7fb35-da64-4bf9-96b5-ddddce7ce79f,Mark G,Won't update anymore says not compatible with my phone why should I have to buy a newer phone to update app my phone only couple years old!,1,0,24.21.0.100,2024-09-26 11:03:16,24.21.0.100
1f9041df-3ebe-46a0-bf31-fda36c1f35cf,AG -,"Shipping to Taiwan is extremely slow now, placed an order and few items are not yet shipped, not even preparing to ship during the last whopping 10 days though the stock for the items are available. Hope this shipping delay issue or ignoring to ship during the last 10 days for Taiwan would be resolved immediately. Thanks for understanding of customer's inconvenience...",2,3,28.15.0.100,2024-09-26 10:47:59,28.15.0.100
1ed6624a-e047-4453-93b3-ac043170e9e6,ME me,"Rufus??? What the %Â£Â£/Â£Â£ ,now there sticking an AI on app with no option to remove. Its in the way on app and don't want more intrusive options.",1,1,28.18.0.100,2024-09-26 10:23:28,28.18.0.100
7e287bd6-d532-41e1-b319-3fba10eb0306,Somnotho Malinga,It's not accurate and doesn't have gameing phones,1,0,28.18.0.100,2024-09-26 10:03:21,28.18.0.100
7c80b53e-3400-4c83-b016-b86877b7d17e,Eishia Fuller-Scott,"I order from Amazon due to most items I need are available, also the delivery is awesome (very prompt). But the items are not cheap.",3,0,28.18.0.100,2024-09-26 10:01:11,28.18.0.100
effe9ec0-4469-4ddd-8d32-075dc6d3f169,jacqui jennings,Absolutely brilliant !! cannot fault them. Brilliant prices i hv off them all the time they are the best for anything u need any problems with an item & they refund you straight away the customer service is brilliant they help u with any situation. I recommend them better than any other shoppin app more reliable & goods there next day ğŸ‘ğŸ‘ğŸ‘,5,0,28.18.0.100,2024-09-26 09:48:06,28.18.0.100
4550d392-d109-496e-9783-d8d13a314d4c,Chris Jamieson (Christian555),Always use credit card to keep safe. I got scammed of Â£7000 but the bank refunded. Still no idea how someone was buying items on my account. Amazon didn't want to know or care. Make sure you use credit card & not debit card so you're safe,2,0,28.18.0.100,2024-09-26 09:30:56,28.18.0.100
262835f7-bccb-48af-90f3-06715c3bc7f5,Panmeshwar Sirdar,Cjfj too gj ho,1,0,,2024-09-26 09:28:23,
3ec7c394-08ed-4b17-ac5c-4396ece37fea,Josh W,The sponsored results and ads have gotten out of control. It's to the point there's so much junk to sort through I'll just give up shopping or use google instead. I'm paying for prime but have to see 70% ads on my screen at any point? Ridiculous,1,1,28.18.0.100,2024-09-26 09:26:08,28.18.0.100
531670d1-3d7f-4dc3-bca3-bcb28b7d61b8,islam abdallah,Ø§Ø¨Ù„ÙŠÙƒÙŠØ´Ù† Ø§Ù‚Ù„ Ù…Ø§ ÙŠÙ‚Ø§Ù„ Ø¹Ù„ÙŠÙ‡ ØºØ¨ÙŠ ÙˆØ®Ø¯Ù…Ø© Ø¹Ù…Ù„Ø§Ø¡ Ù…Ø§Ø¹Ù†Ø¯Ù‡Ù…Ø´ Ø§ÙŠ Ù…Ø¹Ù„ÙˆÙ…Ø§Øª ØµØ­ÙŠØ­Ø©,1,0,28.18.0.100,2024-09-26 09:04:56,28.18.0.100
4f0e34d6-7ec5-4322-b47f-e7b764eab200,Mrs M,Get rid of Rufus,1,1,28.18.0.100,2024-09-26 09:01:19,28.18.0.100
f6ce418f-427d-466b-b7d6-6a1ab68c7099,Kirsty Irvine,There's no option to turn Rufus off.,1,1,28.18.0.100,2024-09-26 08:44:42,28.18.0.100
c3e3f2f3-053b-44d4-a953-24b2f4fbcaf3,Beginner Easy,You should add a filter to see past purchases.,5,0,26.22.0.100,2024-09-26 08:34:33,26.22.0.100
94fd7698-3d99-44ab-a47c-54033792ac76,Fernando Brecia,"Amazon orders are very good, but delivery courier company not good, always late, they should check, all delivery should be on time .",5,0,28.18.0.100,2024-09-26 08:01:59,28.18.0.100
c69742c0-cc8c-450b-b567-005ef6cfd196,Arjun Kaffle,"Nothing can be gained without loosing, even the heaven demands death",1,0,,2024-09-26 07:42:32,
6c062cc0-b92a-4026-bf23-84e68f3e8134,Chris Griffiths,Good products and service,5,0,28.18.0.100,2024-09-26 07:28:46,28.18.0.100
df474dfa-49f5-4828-b2ed-abeed8f0ddf9,Umna Abobakr,The worst customer service experience Ø¹Ù…Ù„Øª Ø·Ù„Ø¨ Ø§Ø³ØªØ±Ø¬Ø§Ø¹ Ù„Ø¬Ù‡Ø§Ø² Ø¨Ø§ÙŠØ¸ ÙˆÙ…ÙƒØ³ÙˆØ± ÙˆÙ…Ø´ Ø´ØºØ§Ù„ Ø¨Ù‚Ø§Ù„Ù‰ Ø­ÙˆØ§Ù„ÙŠ Ø´Ù‡Ø±ÙŠÙ† Ù…ÙÙŠØ´ Ø­Ø¯ Ø¨ÙŠØ¬ÙŠ ÙˆÙ„Ø§ Ø¨ÙŠØ±Ø¯ Ø§ØµÙ„Ø§,1,0,28.18.0.100,2024-09-26 07:05:04,28.18.0.100
2c0ff39e-fe10-4ca6-8f31-8c675df724b1,ZAID SHAIKH,Try to avoid this app as they have started to scam customer with their seller on the name of third party.dont want to give u your refund and post 1 star review for bad service which u give seller this app have started scamming people.,1,0,28.18.0.100,2024-09-26 06:27:30,28.18.0.100
19a66ed7-b6bb-4048-b551-4efe1221c9ac,â€¢. airin_sann .â€¢,"The app is overall good, i was excepeting the shipping delivery taking a weeks but my package arrived in 3-4 days! Not expecting that tho! Even the shipping delivery price is expesinve worth the fast shipping tho!",5,0,28.18.0.100,2024-09-26 05:32:16,28.18.0.100
7461a2da-b502-4310-ab46-7a96f65eb14c,sherif elsayed mohamed mostafa,The worst place you may deal with Ø£Ø³ÙˆØ¡ Ù…ÙˆÙ‚Ø¹ Ù„Ù„Ø´Ø±Ø§Ø¡ ÙŠÙ…ÙƒÙ† Ø§Ù„ØªØ¹Ø§Ù…Ù„ Ù…Ø¹Ù‡,1,0,28.18.0.100,2024-09-26 05:31:41,28.18.0.100
ed11bdeb-fe70-4f37-8cb5-8ea00e4d89eb,Lisa Thomas,Every order I've made recently hasn't made it to me.,1,0,28.18.0.100,2024-09-26 05:21:45,28.18.0.100
ccd74ce4-3a2a-49ea-a2f1-bb864aaa06e2,Enmanuel C,"I love ordering items from Amazon, but contacting an actual person for customer service inquiries is a nightmare. I know this is a trending topic right now, but not everything should be automated; there's always some manual intervention needed.",3,0,,2024-09-26 05:13:36,
e66ed534-3320-48e8-9458-866b0c852b58,Raj Prasad,Cant enter,3,0,28.18.0.100,2024-09-26 04:47:29,28.18.0.100
f3dccfca-8da6-4e81-a0e0-193f9cc75905,Leigh Hitchcox,Always fast delivery,5,0,28.18.0.100,2024-09-26 04:35:35,28.18.0.100
a60e0690-f0b9-4429-93cd-f9f9fec3fcb0,Big Stig,Opening my phone in the middle of the night I get blinded for no dark mode. They really needs to be a way to enable dark mode or have a darker background.,1,0,28.18.0.100,2024-09-26 03:58:01,28.18.0.100
7c073195-50c0-4252-8c52-ef9c82494fb9,William McDermet,How do I uninstall this iname Amazon app?,1,0,28.18.0.100,2024-09-26 03:51:52,28.18.0.100
cf514ba0-a6bd-4329-8701-a0441ecfabdf,nish Avenger,No dark mode !!,1,0,,2024-09-26 03:50:20,
81605c56-eb9c-4078-aa3f-3d06922f00c1,Ali Fellows,"works as expected, not a bad app, but please for the love of everything holy make a damn dark mode.",2,0,28.18.0.100,2024-09-26 03:45:45,28.18.0.100
3ff6326f-fea0-410d-9743-293083afd3bb,Tammy Smith,Have good sales,5,0,28.18.0.100,2024-09-26 03:29:02,28.18.0.100
e454b6cd-8850-42d9-a276-fd2c26fb8d18,Deborah Bickel,Very upset bc they tryed to take money out of my account with out my permission,1,0,28.18.0.100,2024-09-26 03:26:50,28.18.0.100
f9ec854b-faec-4919-a361-f55ba7824891,A,filter out trash sellers more often. hyper inflated prices from shops shouldn't exist.,4,0,28.18.0.100,2024-09-26 03:20:21,28.18.0.100
fb704635-9009-41d1-a058-f2ac054da9a5,Shane Penny,fake used for criminal activity,1,0,,2024-09-26 03:05:54,
552e819b-76eb-4238-b56c-0126b938af4f,Sparkles The Cat,I've had this app for years and I really enjoy it.,5,0,,2024-09-26 02:56:47,
69591c1b-4d07-4f6b-a750-50da61bb906a,Martha Goodnight,Too many ads,1,0,28.18.0.100,2024-09-26 02:54:30,28.18.0.100
6f4b2a7f-b45a-4060-866c-f982e003db41,ESLAM BESO,Good,5,0,28.18.0.100,2024-09-26 01:55:55,28.18.0.100
35fcd5b3-fdb5-4507-8556-5f6995776f19,Abdurrashidattari,Good,1,0,,2024-09-26 01:36:19,
1091aaba-3214-41cc-9065-17728bb19ec6,Rebecca Robinson,"The app works fantastically, but with how much it's used I'm shocked it doesn't have a night mode yet. Please, please release a night mode! Then the app will be perfect. Thank you! I use this app all the time as someone living in a smaller city and it's the best way to get what I need as a new mom!",4,0,28.18.0.100,2024-09-26 01:31:43,28.18.0.100
9ae418a3-277c-4582-bbd8-f5e32b369192,Nikki Pons,it's fake. it steals data,1,0,28.18.0.100,2024-09-26 01:27:05,28.18.0.100
ac55a0c2-7479-4994-ab54-314fc88b6ac8,Wayne De Beer,Great Service and really good quality items,5,0,28.17.0.100,2024-09-26 01:16:06,28.17.0.100
37a3382a-5e68-4844-89fe-4bf3e3cc8252,Ricky Tickitambo,Primetime,5,0,28.18.0.100,2024-09-26 01:14:00,28.18.0.100
8db83249-2204-46c2-b491-6cf4076b9781,K D,Impossible to find what you're looking for. The algorithm ignores any applied filters and shows only featured products. Also really difficult to connect with customer support and the automated replies are entirely unhelpful.,1,0,28.18.0.100,2024-09-26 00:49:44,28.18.0.100
80974202-4569-4b67-8267-ddefd0f86637,Scott Streeter (Ripp),"In the past 4 yrs. I have not had any problems. I order drones, circuit boards, and every thing for growing cannabis indoors. Grow lights, other equipment and nutrients. Every time I would choose the free delivery option 8 to 10 days. I would always get it sooner, sometimes withen 2 days. Thank you Amazon. Up date : I been with Amazon for 6 almost 7 yrs now they get my 5 starts . I never gotten a bad or wrong order or late even in free delivery which takes 5 or more days. I sometimes getEarl.",5,2,28.18.0.100,2024-09-26 00:11:55,28.18.0.100
48bb675e-526b-449a-8343-2e0106c084a3,Teresa Carter,Always convenient and unlimited options available...ships fast and secure,5,0,28.18.0.100,2024-09-25 14:34:40,28.18.0.100
b0e4c094-d094-4a9a-a2a3-26c887cc3194,Deborah Starcher,Great place to shop,5,0,28.18.0.100,2024-09-25 14:31:34,28.18.0.100
419f0b31-1cef-41a0-8f62-81151074e7d5,Antoni,Best company fr,5,0,28.18.0.100,2024-09-25 14:11:49,28.18.0.100
18da4397-a653-4cbc-bfb0-0acf60b1127c,Judith Wangui,Poor logic provider communication.imagine it my 1st time to order from Amazon but I haven't recieved my order yet .it was to be delivered today but due to poor communication skills from logic provide my order has been postponedğŸ˜³ğŸ˜³,1,0,28.17.0.100,2024-09-25 13:56:47,28.17.0.100
7ce2b600-04f1-4f81-80ef-d7aeb5abc18c,Ryan Fink,"I use Amazon all the time, splitting my use about 50/50 between browser and app. Since the most recent app update, the bottom ""tabs"" no longer work so I can't do things like get to my orders easily. Also, I can no longer click on pictures in reviews, I get an error every time. I will still use the app because I use Amazon all the time, but it's very frustrating and I'm hoping that they fix the issues.",2,0,28.18.0.100,2024-09-25 13:46:23,28.18.0.100
d39ad887-b722-456f-8b34-740662007d3a,R.D.longshot91f,Hate the new update . Removed the dark mode setting completely so I get flashbanged anytime I open the app now,1,0,28.18.0.100,2024-09-25 13:25:46,28.18.0.100
2d00a999-8d9f-407a-8abd-434ffe78ba99,Chema Alonso,"Me parece inadmisible que me bombardeen con spam de ofertas en las notificaciones cuando las he desactivado. Por lo demÃ¡s, funciona, sin aspavientos, cada vez es mÃ¡s lenta.",1,0,28.18.0.100,2024-09-25 13:15:15,28.18.0.100
f948a9d4-bd7e-4edb-87e0-eb9625e40285,Jeradine Thompson,Really take s To Long To fill TheseQueston,1,0,28.3.0.100,2024-09-25 12:53:03,28.3.0.100
84ee5769-0288-4ec6-ba45-3a36cab450f5,cosmo,"RufusğŸ¤”. Absolutely pointless garbage the same as all the rest of the FAKE intelligence. I tried having a legitimate chat with it, and after a few questions, I managed to get it to contradict itself. I can not wait any longer for the sun to one of its farts and wipe out all tech.",1,33,28.17.0.100,2024-09-25 12:50:35,28.17.0.100
bab9e879-ab71-45da-b536-1b8cb6edb015,A guy,"""Rufus"" is useless and annoying with a button that can't be hidden. Has autoplay video ads. Can't screenshot (?!?).",1,1,28.18.0.100,2024-09-25 12:31:30,28.18.0.100
da992d9f-a809-4c00-b12c-1e254dccf238,Ø§Ø¨ÙˆÙ…Ù„Ùƒ Ù…,Ø§Ø´ØªØ±ÙŠØª Ø¨Ø·Ø§Ø±ÙŠØ© Ù„Ø§Ø¨ØªÙˆØ¨ ÙˆØ§Ø±Ø³Ù„ÙˆÙ‡Ø§ Ø¹Ù† Ø·Ø±ÙŠÙ‚ Ø³Ù…Ø³Ø§ ÙÙŠ ÙØ±Ø¹ Ø¨Ø¹ÙŠØ¯ ÙˆÙƒÙ„Ù…Øª Ø§Ù„Ù…ÙˆØ¸ÙØ© ØªØºÙŠØ± Ø§Ù„Ù…ÙˆÙ‚Ø¹ ÙˆÙ‚Ø§Ù„Øª ØªÙ…Ø§Ù… Ø«Ù… Ø§Ù†ØªØ¸Ø±Øª Ø§Ù„ÙˆØµÙˆÙ„ ÙˆØ§Ø³ØªÙ…Ø±Øª Ø§Ù„Ø´Ø­Ù†Ø© ÙÙŠ Ù…ÙˆÙ‚Ø¹Ù‡Ø§ Ø§Ù„Ø³Ø§Ø¨Ù‚ ÙˆÙ„Ù… ÙŠØ±Ø¯ÙˆØ§ Ø¹Ù„Ù‰ Ø§Ù„Ø§ØªØµØ§Ù„Ø§Øª ÙˆÙƒÙ„Ù…Øª Ø§Ù…Ø§Ø²ÙˆÙ† ÙˆÙ‚Ø§Ù„Ùˆ ØªÙˆØ§ØµÙ„ Ù…Ø¹ Ø³Ù…Ø³Ø§ Ù„ÙƒÙ† Ø¨Ø¯ÙˆÙ† ÙØ§Ø¦Ø¯Ø© Ø§Ù„Ù‰ Ø§Ù† Ø§Ù†ØªÙ‡Ù‰ Ø§Ù„Ø´Ù‡Ø± ÙˆØ±ÙØ¶ Ø§Ù„Ø¨Ø§Ø¦Ø¹ Ø§Ø±Ø¬Ø§Ø¹ Ø§Ù„Ø£Ù…ÙˆØ§Ù„,2,0,28.18.0.100,2024-09-25 12:30:35,28.18.0.100
18d2227f-4615-4785-be01-f27b784168d4,Windy Tokes,"Amazon is nice and all but they keep trying to get me to pay for ""prime"" giving me 3-4 screens before I can even place an order, pre selects the most expensive shipping option and packages come a day earlier so the extra shipping fees are literally a scam, never have I ever paid for it and every single time my package has arrived at the same time as if I'd paid the fast shipping, kinda fishy for that but I've always had a great experience, NEVER select anything other then the cheapest option.",4,0,28.18.0.100,2024-09-25 12:26:52,28.18.0.100
eed8cde5-4c7d-4bdc-98a5-58f4da085fa8,Kayleigh Riley,No longer let's me open weblinks in the app,2,0,28.18.0.100,2024-09-25 11:50:25,28.18.0.100
7d125cea-ce47-40a1-a880-2382ba5eed98,Law Forest,More often than not it says oh we experienced issues on everything I search,1,0,28.18.0.100,2024-09-25 11:42:05,28.18.0.100
487d9696-4096-4b47-9f00-67c05c45ecba,Ollie b,"My account was shut down due to suspicious activity ,I called and got no help Amazon wanted me to file out my info but didnt provide a spot to put my last 4 numbers of my payment card Wanted me to send pictures of my payment card ,thats not happening .They need to put a spot on the info form for the last 4 digits of payment card a d not ask for pictures .Didnt need the BS so just ordered from a different supplier .The phone call was a total waste of time .The person I spoke to was clueless.",1,0,,2024-09-25 11:27:02,
427de5f8-3790-4c2a-b14d-d788adf6c10f,Gaina Cowley,Having the 'search' default to the Bing browser is really annoying! Can anyone tell me how to turn it off?,3,0,28.18.0.100,2024-09-25 10:55:06,28.18.0.100
2113a339-2be5-4b9c-bd89-b379db3386d2,Jennifer Arias,too much problems,2,0,28.18.0.100,2024-09-25 10:54:41,28.18.0.100